ID,Brand,Model,Year,Color,Mileage,Price,Condition
278,Toyota,Corolla,2002,Blue,59908,65054,New
223,Hyundai,Generic Model 1,2011,White,134165,61469,New
713,Lexus,Generic Model 3,2015,White,109757,63300,Used
449,BMW,Generic Model 1,2010,Green,168115,79958,New
275,Subaru,Generic Model 3,2005,Red,47243,32824,Used
277,Audi,Generic Model 1,2005,Green,57971,56945,New
802,Tesla,Generic Model 3,2001,Blue,197124,10839,Used
640,Honda,CR-V,1999,Green,105205,79265,New
532,Toyota,RAV4,1994,Red,143060,23743,New
190,Ford,Focus,2019,Green,59756,8794,New
837,Tesla,Generic Model 3,2009,Silver,180285,78615,Used
245,Tesla,Generic Model 2,1992,Blue,13258,50633,Used
925,Nissan,Generic Model 1,1998,Blue,19215,26173,Used
511,Lexus,Generic Model 1,2019,Blue,102984,9281,Used
823,Lexus,Generic Model 2,2013,Green,46722,43625,New
796,Jaguar,Generic Model 1,2002,Green,123206,50935,New
877,Audi,Generic Model 3,1999,Black,127571,69238,Used
433,Audi,Generic Model 1,2010,White,4604,10946,Used
194,Jeep,Generic Model 3,2015,Silver,25468,32794,Used
484,Jaguar,Generic Model 3,1991,Blue,161788,60578,New
193,Land Rover,Generic Model 1,2010,White,93928,76051,Used
237,Audi,Generic Model 1,2016,Red,14021,7032,New
477,Tesla,Generic Model 2,2006,White,143999,38218,New
334,Tesla,Generic Model 2,2012,Green,150663,77858,Used
999,Volkswagen,Generic Model 1,2022,White,195229,12256,New
657,Nissan,Generic Model 1,1993,Black,160042,66000,New
271,Mazda,Generic Model 2,1991,Blue,190353,24682,Used
179,Toyota,Highlander,2020,Red,137970,12127,Used
748,Audi,Generic Model 1,1998,White,48586,26695,New
101,Mercedes-Benz,Generic Model 1,2003,Black,192212,75539,New
740,Tesla,Generic Model 2,2009,Black,22056,14129,New
923,Mazda,Generic Model 2,2011,White,49424,76519,Used
827,Nissan,Generic Model 2,2014,Red,56397,41450,Used
246,Audi,Generic Model 3,2018,Black,48719,6707,Used
747,Jaguar,Generic Model 1,2001,Blue,187627,61971,New
344,Jeep,Generic Model 1,2002,Silver,149462,64281,New
291,Mazda,Generic Model 1,2000,Blue,82107,45929,New
547,Mazda,Generic Model 3,2000,Blue,38580,12054,New
342,Audi,Generic Model 2,1990,Silver,145525,51139,Used
704,Audi,Generic Model 2,2020,White,140160,23671,Used
413,Land Rover,Generic Model 2,2000,Green,168025,26439,Used
469,Mercedes-Benz,Generic Model 1,1993,Green,24608,57625,Used
846,Mazda,Generic Model 1,1999,Silver,83781,51232,New
364,BMW,Generic Model 1,2016,Red,194167,74819,New
199,Mercedes-Benz,Generic Model 1,2010,Black,84302,74446,Used
967,Lexus,Generic Model 1,2020,Green,149971,23747,Used
845,Hyundai,Generic Model 1,1996,Green,195930,16460,New
44,Lexus,Generic Model 2,2009,White,172687,9931,Used
875,Lexus,Generic Model 1,2015,Red,191549,21136,New
350,Volvo,Generic Model 1,1998,White,49320,18526,New
70,Lexus,Generic Model 3,2001,White,86800,56282,New
360,Jaguar,Generic Model 2,2012,Silver,20169,34485,New
9,Ford,Focus,2003,Black,176272,59437,Used
57,Jaguar,Generic Model 3,1996,Red,91059,38900,New
873,Mercedes-Benz,Generic Model 1,2002,Blue,64293,6278,Used
594,Lexus,Generic Model 3,2007,Green,199456,53822,Used
506,Audi,Generic Model 3,1997,White,112605,7444,New
705,Nissan,Generic Model 2,1996,Blue,108641,72336,Used
216,Honda,Accord,2013,White,168299,78195,New
267,Jaguar,Generic Model 1,2003,Silver,157350,79177,Used
455,Subaru,Generic Model 1,1999,Green,54056,41695,Used
810,Ford,Explorer,1998,Green,152866,79503,New
804,Toyota,Corolla,1990,Red,100753,52081,Used
899,Volvo,Generic Model 1,1996,Black,195829,13168,Used
389,Audi,Generic Model 1,2001,Silver,116861,12479,New
492,Jeep,Generic Model 3,2021,White,175756,8286,Used
942,BMW,Generic Model 3,2016,Blue,132687,56226,Used
807,Volkswagen,Generic Model 2,2007,Blue,72747,17103,Used
797,Volkswagen,Generic Model 2,1991,Silver,138795,7658,New
549,Lexus,Generic Model 1,1999,Red,59684,55486,New
643,BMW,Generic Model 1,2002,Blue,137720,68444,New
632,Porsche,Generic Model 2,2006,White,107368,58849,Used
853,Mercedes-Benz,Generic Model 2,1996,White,167277,10155,Used
34,Mercedes-Benz,Generic Model 1,2014,White,167933,14655,Used
232,Ford,Mustang,2015,White,166916,30689,New
143,Audi,Generic Model 3,2008,Silver,172431,16251,New
64,Audi,Generic Model 3,1998,Black,176913,35470,New
102,Toyota,Prius,1994,White,172357,5764,Used
678,Jaguar,Generic Model 2,2018,Red,114064,74642,Used
307,Audi,Generic Model 2,2014,Blue,126509,60498,Used
710,Tesla,Generic Model 3,2020,Green,154028,50712,Used
399,Mazda,Generic Model 3,1995,Blue,34370,19801,Used
666,Tesla,Generic Model 2,2018,Green,25683,63831,Used
859,Hyundai,Generic Model 3,2017,White,41006,65072,Used
708,Kia,Generic Model 3,2007,White,188251,37365,New
61,Kia,Generic Model 3,2007,Black,2602,72426,New
982,BMW,Generic Model 1,1998,Black,30484,10234,Used
147,Subaru,Generic Model 1,2005,Blue,64753,10048,Used
120,Jeep,Generic Model 1,1990,Green,26840,16113,New
18,Audi,Generic Model 3,2001,Green,32418,44143,New
274,Nissan,Generic Model 2,1996,Silver,136827,6937,Used
735,Porsche,Generic Model 3,1997,Blue,52044,79514,New
548,Jeep,Generic Model 2,2016,Blue,73178,18485,Used
778,BMW,Generic Model 3,1995,White,109326,71097,Used
42,Mercedes-Benz,Generic Model 3,2014,Red,111223,79304,New
417,Land Rover,Generic Model 3,2022,Silver,163483,25444,Used
658,Toyota,Prius,2013,Red,119296,63240,Used
36,Jaguar,Generic Model 1,2006,Blue,101939,63085,New
206,Ford,Edge,2017,Green,101807,50027,Used
572,Ford,Explorer,1992,White,181785,71049,Used
917,Ford,Escape,1991,Green,108778,63568,Used
240,Hyundai,Generic Model 2,2008,Black,166929,24877,New
886,Nissan,Generic Model 3,2013,White,195771,23659,New
927,Kia,Generic Model 3,1999,White,13679,67975,New
134,Audi,Generic Model 2,2000,Silver,7004,75112,Used
562,Volkswagen,Generic Model 2,1998,White,78576,32144,New
428,Ford,Escape,1995,Silver,20017,60746,New
673,Kia,Generic Model 2,2020,Black,115456,46745,Used
110,Volvo,Generic Model 1,2018,Green,160907,20362,Used
49,Subaru,Generic Model 2,2021,Red,57162,48195,New
662,Subaru,Generic Model 3,1999,Red,198547,64547,New
464,Honda,Odyssey,1992,Blue,175945,9679,New
985,Lexus,Generic Model 1,2016,Blue,124889,33521,Used
172,Land Rover,Generic Model 2,2003,Red,170141,24704,New
536,Mazda,Generic Model 1,1995,Red,127509,38043,New
359,Chevrolet,Generic Model 1,1994,Silver,183464,23151,New
249,Jaguar,Generic Model 1,2020,Black,112014,49568,Used
582,Audi,Generic Model 3,2013,White,8823,52283,New
839,Lexus,Generic Model 2,2000,Red,107627,57461,Used
79,Ford,F-150,2010,Green,62429,15512,Used
749,Audi,Generic Model 2,2006,Blue,116574,53399,New
589,Hyundai,Generic Model 3,2001,Black,70645,28640,New
308,Volkswagen,Generic Model 3,1991,Red,56444,64123,New
628,Tesla,Generic Model 2,2011,Blue,53187,52438,Used
566,Audi,Generic Model 1,1993,Black,176572,27081,Used
617,Ford,Explorer,1996,Blue,197112,73778,New
138,Mercedes-Benz,Generic Model 1,2019,Blue,92666,45687,Used
282,Kia,Generic Model 3,1994,Silver,67388,66227,Used
21,Hyundai,Generic Model 2,2011,Blue,108954,14327,Used
556,Tesla,Generic Model 2,1993,Red,98611,46858,New
870,BMW,Generic Model 2,2016,Blue,112961,6961,New
630,Land Rover,Generic Model 2,2014,Silver,195491,53625,New
439,BMW,Generic Model 2,2014,Black,177562,43015,Used
25,Porsche,Generic Model 3,2019,Blue,87679,39938,Used
763,Volkswagen,Generic Model 2,2000,Red,81266,55273,New
624,Chevrolet,Generic Model 1,1991,Blue,76723,35249,Used
368,Audi,Generic Model 2,2003,Blue,9222,45772,New
253,Tesla,Generic Model 3,1998,Red,142926,27420,Used
339,Jaguar,Generic Model 2,1994,Black,90585,63969,New
672,Porsche,Generic Model 2,2004,Green,146021,75811,New
45,BMW,Generic Model 2,1998,Blue,97040,65119,New
754,Porsche,Generic Model 3,2007,Silver,21630,42459,Used
109,Ford,Focus,1994,Blue,132741,67509,Used
187,Porsche,Generic Model 3,2020,White,29565,57703,New
1,Mazda,Generic Model 3,2003,Blue,22932,65732,New
588,Jeep,Generic Model 3,1999,Black,42185,66033,New
99,Toyota,Prius,1998,Silver,71082,40835,New
6,Porsche,Generic Model 2,1997,Blue,96785,42794,New
129,Jaguar,Generic Model 1,2017,Blue,152582,28252,New
949,Hyundai,Generic Model 3,2009,Red,26315,52289,Used
40,Jaguar,Generic Model 3,2022,Silver,181882,17168,New
235,Jaguar,Generic Model 3,2010,Red,48826,44055,Used
858,Ford,Explorer,2016,White,108141,39331,Used
92,Volkswagen,Generic Model 3,1996,Blue,184042,63928,Used
499,Mazda,Generic Model 1,2019,Red,102349,14980,Used
266,Lexus,Generic Model 3,2011,Silver,104500,19585,Used
168,BMW,Generic Model 2,2008,Silver,187215,32491,Used
112,BMW,Generic Model 1,2022,Green,32292,18561,Used
142,Jaguar,Generic Model 1,2013,Black,189541,55485,Used
152,Hyundai,Generic Model 2,1998,Blue,40977,38444,Used
298,Chevrolet,Generic Model 2,1996,Green,131327,66879,New
725,Audi,Generic Model 3,1994,Silver,113882,11762,New
486,Chevrolet,Generic Model 2,1993,Silver,146909,48002,Used
790,Honda,Accord,1994,Green,19050,10566,Used
189,Audi,Generic Model 3,1992,Red,147047,46455,New
649,Lexus,Generic Model 1,1999,White,93214,18159,New
485,Volvo,Generic Model 1,1992,Silver,111241,11142,New
679,Volvo,Generic Model 1,2012,Silver,65399,76545,Used
961,BMW,Generic Model 1,2014,Black,59672,45433,New
559,BMW,Generic Model 1,2015,Green,96175,69029,Used
552,Mazda,Generic Model 3,1991,White,132575,73889,Used
697,Mazda,Generic Model 1,2007,Black,174421,5295,Used
730,Volkswagen,Generic Model 1,2011,Red,174669,53329,New
336,Audi,Generic Model 2,2011,Green,20469,48352,Used
616,Lexus,Generic Model 1,2006,Green,124317,71549,New
772,Ford,Focus,2014,Silver,34958,45351,Used
284,Lexus,Generic Model 3,2010,Green,61038,66102,New
615,Chevrolet,Generic Model 2,2016,Red,192101,71120,Used
986,Subaru,Generic Model 2,2009,Black,60010,16441,New
408,Mazda,Generic Model 3,2016,Green,154722,66515,Used
928,Ford,Escape,1990,White,163350,19992,Used
939,Porsche,Generic Model 1,2005,White,61249,32917,New
534,Chevrolet,Generic Model 1,2011,Blue,73910,66820,New
121,Chevrolet,Generic Model 1,2001,White,78442,53381,New
921,Volkswagen,Generic Model 1,1997,Black,70851,76714,Used
950,Nissan,Generic Model 2,2007,Blue,170278,22503,New
994,Honda,Civic,2002,Green,42561,16797,New
465,BMW,Generic Model 3,2006,Green,28819,70754,New
528,Land Rover,Generic Model 2,2001,Black,134052,15681,Used
178,Land Rover,Generic Model 1,1997,Green,91662,79540,Used
554,Jaguar,Generic Model 1,1996,Green,87636,8161,Used
551,Toyota,RAV4,2019,Blue,137959,72829,Used
825,Land Rover,Generic Model 1,1994,White,39689,43610,New
507,Mazda,Generic Model 3,2014,Black,173908,65036,Used
459,Chevrolet,Generic Model 1,2010,Green,168290,18765,Used
69,Volvo,Generic Model 1,2019,Black,167338,70940,New
483,Jaguar,Generic Model 3,1999,Blue,18374,73716,Used
132,Ford,F-150,2021,Red,33229,58111,New
141,Audi,Generic Model 2,2020,White,199520,62364,New
133,Mercedes-Benz,Generic Model 2,1996,Black,21310,74204,New
208,Volkswagen,Generic Model 2,1999,Black,109434,54995,Used
656,Nissan,Generic Model 3,1990,Blue,63782,20512,New
2,Jaguar,Generic Model 2,2003,Silver,89937,58620,New
150,Jeep,Generic Model 2,2014,Green,199453,54427,Used
935,Porsche,Generic Model 3,2004,Green,100986,73497,Used
337,Jeep,Generic Model 2,2015,White,15172,50992,New
230,Volkswagen,Generic Model 2,2012,Red,18888,51311,Used
998,Lexus,Generic Model 2,2017,Black,130594,22347,Used
372,Honda,Odyssey,2008,Green,124073,8067,New
148,Subaru,Generic Model 3,2012,White,10264,69928,New
891,BMW,Generic Model 2,1993,White,191820,58547,New
461,Jeep,Generic Model 1,2020,Green,196724,10415,New
358,Volvo,Generic Model 3,2004,Green,73579,24533,New
692,Land Rover,Generic Model 2,2007,White,94477,26271,Used
173,Mazda,Generic Model 1,1997,White,32110,34163,New
53,Audi,Generic Model 3,2016,Blue,119357,27208,Used
792,Tesla,Generic Model 1,2010,White,7398,30280,New
761,Subaru,Generic Model 2,1991,Red,92702,68293,New
424,Lexus,Generic Model 3,1993,Green,173014,39985,Used
420,Tesla,Generic Model 2,1993,Silver,79385,26274,New
900,Porsche,Generic Model 2,2009,Blue,1169,31733,New
116,Porsche,Generic Model 2,1996,White,47148,24865,New
321,BMW,Generic Model 1,2000,Silver,168609,11973,Used
27,Subaru,Generic Model 3,2000,Blue,140899,15376,Used
581,Volvo,Generic Model 3,2004,Silver,45720,20251,New
13,Mercedes-Benz,Generic Model 3,2001,Silver,103327,14759,New
250,Ford,Mustang,2007,Blue,123676,45034,Used
633,BMW,Generic Model 3,2001,Blue,136883,34986,Used
95,BMW,Generic Model 2,2021,Silver,136453,35350,New
898,Chevrolet,Generic Model 2,2009,White,28943,59020,New
977,Tesla,Generic Model 1,2018,Green,177130,74251,New
653,Hyundai,Generic Model 2,1999,Green,180706,43612,Used
860,Jaguar,Generic Model 1,2017,Red,59537,79664,Used
782,Jaguar,Generic Model 1,2009,Black,38297,62729,Used
689,Chevrolet,Generic Model 2,1997,Silver,65993,66993,New
432,Toyota,Prius,1990,Black,5,34791,New
759,Hyundai,Generic Model 2,1993,White,182667,42510,New
793,Tesla,Generic Model 2,2012,Black,158894,15810,New
806,Porsche,Generic Model 1,1997,Red,131754,52642,New
163,Mazda,Generic Model 3,1997,Red,70253,26725,New
799,Toyota,Camry,1993,Green,45412,7267,Used
207,Volvo,Generic Model 3,1993,Red,104720,13077,Used
426,BMW,Generic Model 2,1999,Silver,59864,37149,New
983,Porsche,Generic Model 2,2004,Blue,75780,56165,Used
487,Porsche,Generic Model 1,2009,Black,179362,30128,New
592,Tesla,Generic Model 1,2004,Green,38718,29716,Used
767,Audi,Generic Model 1,1992,Red,156953,31719,New
218,Kia,Generic Model 2,2010,White,17075,19395,New
425,Nissan,Generic Model 1,2022,Silver,154423,8609,New
736,Volvo,Generic Model 1,2014,Black,76741,28252,Used
929,Nissan,Generic Model 1,2001,White,22061,22187,New
683,Audi,Generic Model 1,2002,Blue,56441,38725,Used
441,Nissan,Generic Model 1,1992,Black,172389,11127,Used
684,Subaru,Generic Model 1,1998,Red,107316,71452,Used
497,Toyota,Prius,1998,Red,192850,16593,New
940,Land Rover,Generic Model 1,2006,White,8839,56487,Used
613,Subaru,Generic Model 2,2020,White,95240,24761,New
130,Kia,Generic Model 2,1993,Silver,34869,63937,New
323,Nissan,Generic Model 2,1993,Silver,51444,8362,New
979,Jeep,Generic Model 3,1996,Red,114868,20797,New
676,Mercedes-Benz,Generic Model 1,2007,Black,43452,59144,New
715,Audi,Generic Model 2,2005,Blue,136674,74866,New
987,Jeep,Generic Model 2,2004,Black,41953,34490,Used
463,Nissan,Generic Model 2,1997,Red,180763,73708,Used
174,Honda,Pilot,2021,Green,156309,36418,Used
639,Subaru,Generic Model 2,2009,Black,69289,17037,Used
777,BMW,Generic Model 3,1995,Green,17754,38319,Used
990,Jaguar,Generic Model 3,2004,Black,60015,74370,New
467,Kia,Generic Model 3,2005,Blue,67824,33733,New
995,Lexus,Generic Model 3,1993,White,20424,45706,Used
322,Jeep,Generic Model 2,2020,Black,197988,59485,Used
941,Mazda,Generic Model 3,1999,Red,190074,50233,Used
596,Porsche,Generic Model 1,2006,White,145327,38627,New
775,Tesla,Generic Model 1,2009,Black,196837,46995,Used
903,Jaguar,Generic Model 1,2017,White,22524,50931,New
390,Ford,Mustang,2008,Red,185996,52499,Used
107,Volvo,Generic Model 3,2003,Green,86062,75345,New
504,Nissan,Generic Model 3,2008,Blue,14393,6545,New
514,Tesla,Generic Model 1,2009,Green,4535,12386,Used
842,Volkswagen,Generic Model 2,1999,Red,175559,72708,Used
220,Ford,Escape,2018,Blue,41367,21627,New
525,Mercedes-Benz,Generic Model 1,2009,Blue,140560,70077,New
812,Kia,Generic Model 2,1997,Black,32219,39280,Used
769,Ford,F-150,2002,Red,143370,75085,Used
16,Subaru,Generic Model 2,1999,Green,132215,55023,Used
415,Nissan,Generic Model 3,2004,Red,99546,16827,Used
100,Volvo,Generic Model 1,1998,Blue,153056,25295,New
540,Mazda,Generic Model 3,1991,Red,199425,33535,New
996,Honda,Odyssey,1998,Black,191402,7676,New
866,Mercedes-Benz,Generic Model 1,2022,Green,130744,24813,New
139,Tesla,Generic Model 2,2015,White,165337,59308,Used
501,Chevrolet,Generic Model 1,1997,Silver,137333,15814,Used
738,Chevrolet,Generic Model 3,2016,Red,50062,29554,New
539,Chevrolet,Generic Model 1,2017,Black,106709,52776,Used
737,Volvo,Generic Model 1,2012,Black,139291,58098,Used
28,Jaguar,Generic Model 2,2019,Red,124609,28389,New
106,Subaru,Generic Model 2,2000,Green,162270,17839,New
423,Mazda,Generic Model 2,2000,Green,7564,16751,Used
346,Honda,Odyssey,2013,Black,62883,56441,Used
723,Kia,Generic Model 3,1992,Green,80770,74881,Used
244,Mercedes-Benz,Generic Model 3,2005,White,164481,40156,Used
546,Volkswagen,Generic Model 2,1992,Red,143861,78731,New
437,Volvo,Generic Model 3,2000,White,170531,57750,New
573,Subaru,Generic Model 1,2011,Silver,131561,65576,Used
675,Audi,Generic Model 1,1998,White,112496,39557,Used
52,Chevrolet,Generic Model 1,2012,Red,53823,63620,New
23,Lexus,Generic Model 1,2019,Green,121183,5430,Used
201,Lexus,Generic Model 2,1992,Green,180820,9992,Used
868,Tesla,Generic Model 2,2000,Green,149699,54471,Used
304,Land Rover,Generic Model 3,2022,White,186313,34265,Used
854,Toyota,Camry,2009,Red,42247,73032,Used
264,Toyota,Camry,2010,Black,97713,22344,New
690,Jaguar,Generic Model 1,2017,White,78615,27946,Used
945,Jaguar,Generic Model 2,1990,Black,197985,29534,New
26,Land Rover,Generic Model 1,1998,Black,44748,9078,Used
335,Volkswagen,Generic Model 2,2000,Green,123799,52180,New
948,Mercedes-Benz,Generic Model 1,2008,Green,187934,60203,New
184,Jaguar,Generic Model 3,2000,Silver,149814,38056,Used
20,Audi,Generic Model 3,2008,White,22778,60963,New
268,Audi,Generic Model 2,1997,Black,186822,31265,New
712,Hyundai,Generic Model 3,2004,Silver,80910,35935,Used
832,Chevrolet,Generic Model 1,2016,Red,31958,19392,Used
714,Land Rover,Generic Model 2,2010,Green,34735,59931,Used
840,Audi,Generic Model 3,2007,White,81538,58362,New
331,Jaguar,Generic Model 1,1997,Blue,36795,32342,Used
290,Lexus,Generic Model 1,2013,Silver,58921,56374,New
353,Chevrolet,Generic Model 1,1993,Blue,130336,62661,Used
931,Jaguar,Generic Model 3,1997,Red,65498,66087,New
709,Kia,Generic Model 1,1990,Blue,192059,44026,New
629,Mazda,Generic Model 3,2020,Black,176018,71342,New
742,BMW,Generic Model 1,2015,Black,177925,28764,New
367,Nissan,Generic Model 3,1990,Red,107865,71107,New
895,Audi,Generic Model 2,2020,Red,179020,8355,Used
788,Jeep,Generic Model 1,2001,Green,197344,53815,Used
405,Lexus,Generic Model 2,1992,Red,60465,69281,Used
892,Land Rover,Generic Model 1,2003,White,121926,20942,New
561,BMW,Generic Model 3,2014,Black,28849,23234,Used
652,Honda,Accord,2000,Silver,27778,78631,Used
583,Chevrolet,Generic Model 3,2000,Red,156662,43806,New
137,Jaguar,Generic Model 1,2003,Blue,11199,34731,New
157,Tesla,Generic Model 3,2019,Silver,188500,34659,New
922,Porsche,Generic Model 2,1990,Silver,55829,43910,New
90,Hyundai,Generic Model 2,2008,Green,66418,19095,Used
993,Honda,Civic,2015,Blue,72658,72082,New
808,BMW,Generic Model 3,2005,Green,30785,52765,Used
217,Volvo,Generic Model 2,2016,Blue,73893,47594,New
857,BMW,Generic Model 3,2002,Blue,57532,13789,Used
468,Ford,F-150,1994,Blue,56392,56418,Used
677,Honda,Accord,2005,Black,110067,59062,Used
914,Toyota,Corolla,2006,Green,43647,52982,Used
362,Subaru,Generic Model 2,1990,Silver,52519,63512,New
351,Lexus,Generic Model 2,2006,Silver,18302,9816,Used
254,Toyota,Corolla,2001,Blue,118921,45130,New
885,Nissan,Generic Model 1,2000,Black,194791,5178,New
787,Toyota,Corolla,2007,Blue,39567,27410,Used
968,Mercedes-Benz,Generic Model 3,2015,Green,152489,15927,New
642,Honda,Odyssey,2004,Black,88731,66139,New
114,Chevrolet,Generic Model 2,1991,Black,148201,66481,Used
893,Volvo,Generic Model 3,2010,Silver,179015,7202,New
702,Nissan,Generic Model 1,2008,Silver,9157,67234,New
5,Land Rover,Generic Model 3,2000,Black,184616,63880,Used
622,Mazda,Generic Model 3,2020,Red,151874,13862,Used
231,Mazda,Generic Model 1,2003,Red,151912,22485,Used
756,Volvo,Generic Model 2,2006,Green,104915,55554,New
813,Hyundai,Generic Model 1,1994,Blue,83688,57646,Used
557,Volvo,Generic Model 1,2010,Black,151916,70135,New
771,Land Rover,Generic Model 3,2002,Blue,74562,62591,Used
135,Jeep,Generic Model 2,2005,Green,77233,55002,New
388,Jeep,Generic Model 3,1990,Black,16298,62927,Used
122,Jeep,Generic Model 2,2012,Silver,94426,21914,New
883,Lexus,Generic Model 3,2021,White,113410,15994,Used
668,BMW,Generic Model 1,1992,Blue,88028,44549,New
650,Nissan,Generic Model 2,1993,Red,136683,8408,Used
225,Mazda,Generic Model 3,1993,Black,83134,36699,New
744,Honda,Fit,2003,Green,130450,43479,Used
906,Chevrolet,Generic Model 1,2006,Silver,96029,56586,New
989,Hyundai,Generic Model 1,2017,White,46986,19388,New
149,Honda,Odyssey,2021,White,79226,61222,New
798,Volvo,Generic Model 3,2008,White,94565,48790,New
383,Audi,Generic Model 2,2008,Black,166458,41105,Used
159,Jeep,Generic Model 3,2004,Black,165765,51805,Used
843,Volvo,Generic Model 1,2005,Silver,88625,6058,Used
785,Land Rover,Generic Model 2,1998,Red,180955,34445,Used
607,Jaguar,Generic Model 3,1990,Blue,91357,37844,Used
671,Jeep,Generic Model 2,2002,Blue,12077,60074,New
58,Volkswagen,Generic Model 3,2015,Red,135609,10294,Used
296,Porsche,Generic Model 1,1993,Black,197475,45492,New
696,Jaguar,Generic Model 1,1993,White,74986,60746,Used
564,Volkswagen,Generic Model 1,2014,Black,192020,52104,New
776,BMW,Generic Model 1,2018,Silver,91884,23991,Used
682,Lexus,Generic Model 1,1991,Silver,84611,28419,Used
215,Porsche,Generic Model 1,2018,White,174889,56847,New
75,Subaru,Generic Model 1,1991,White,76629,31042,New
59,Land Rover,Generic Model 3,2006,Silver,81668,22233,Used
779,Jaguar,Generic Model 3,1999,Black,102337,44903,Used
819,Volvo,Generic Model 2,2019,Green,154637,72186,Used
24,Audi,Generic Model 3,2004,Blue,57114,21466,New
333,Mazda,Generic Model 3,2014,White,148835,31990,New
973,Porsche,Generic Model 3,2004,Silver,66796,76796,Used
328,Mercedes-Benz,Generic Model 1,1991,Silver,8166,51374,New
410,Honda,CR-V,2007,White,156800,39245,Used
411,Jaguar,Generic Model 3,1992,Silver,43683,12071,Used
164,Porsche,Generic Model 3,1991,Blue,67896,36217,New
183,Subaru,Generic Model 2,2022,Black,123643,25894,New
513,Kia,Generic Model 1,2008,Red,48975,69648,New
302,Tesla,Generic Model 2,1995,Green,19419,66975,Used
186,Kia,Generic Model 3,1999,Silver,135354,20919,New
609,Jaguar,Generic Model 3,2020,Silver,44033,53095,New
944,Lexus,Generic Model 3,1998,Green,76522,52722,Used
493,Land Rover,Generic Model 1,1991,Black,192474,15522,Used
638,Mercedes-Benz,Generic Model 1,2005,Silver,77763,64056,Used
947,Ford,Focus,2017,White,178371,15143,Used
732,Mazda,Generic Model 1,2010,Red,199266,27252,New
665,Honda,CR-V,2017,White,123909,50666,Used
466,Lexus,Generic Model 2,1997,Green,164630,8952,New
84,Mercedes-Benz,Generic Model 1,2004,Green,7739,42175,New
602,Chevrolet,Generic Model 3,1994,Blue,80495,28208,New
879,Kia,Generic Model 2,1990,Green,87738,18628,Used
398,Lexus,Generic Model 1,2000,Blue,16764,11063,New
560,Audi,Generic Model 2,2021,Green,35750,8003,New
584,Chevrolet,Generic Model 3,1993,Black,98968,44238,Used
85,Toyota,Corolla,2016,Red,2075,69536,Used
523,Hyundai,Generic Model 3,2011,White,15512,74313,New
340,Jeep,Generic Model 3,2016,White,101862,31298,New
981,Lexus,Generic Model 1,2008,White,198575,46253,New
60,Land Rover,Generic Model 3,1993,Black,84926,47422,Used
136,Toyota,Prius,2011,Green,77591,44449,New
614,Mercedes-Benz,Generic Model 3,2001,Green,50965,65439,Used
29,Land Rover,Generic Model 2,2004,Blue,196885,76883,New
365,Land Rover,Generic Model 3,2000,Black,123913,18298,New
310,BMW,Generic Model 2,2001,White,199148,71868,Used
180,Mazda,Generic Model 3,2007,Silver,24646,48569,Used
119,Mercedes-Benz,Generic Model 3,1998,Black,120527,58955,Used
707,Lexus,Generic Model 1,1994,Red,38610,26425,New
764,Mercedes-Benz,Generic Model 3,2003,Blue,165045,66097,New
338,Nissan,Generic Model 2,2010,White,94379,77697,Used
978,Jaguar,Generic Model 1,2000,Silver,171171,48883,New
257,Jeep,Generic Model 3,1992,Green,147461,61477,Used
647,Mazda,Generic Model 1,2014,Blue,107020,43807,New
160,Volvo,Generic Model 1,1995,Red,13391,30300,New
369,Volkswagen,Generic Model 1,2017,Blue,9800,55187,New
22,Honda,Odyssey,1993,Green,118369,49451,New
800,Chevrolet,Generic Model 3,1992,White,21767,41943,New
86,Toyota,RAV4,2014,White,154775,6334,New
957,Kia,Generic Model 2,1995,Black,36125,62906,Used
19,Subaru,Generic Model 3,2016,Green,128671,12448,Used
955,Lexus,Generic Model 3,2005,Blue,160246,69319,Used
427,Mazda,Generic Model 1,2012,Black,159472,21040,Used
458,Mazda,Generic Model 2,2004,Blue,90338,42932,Used
8,Chevrolet,Generic Model 3,1997,Blue,47226,31079,Used
103,Jeep,Generic Model 1,1996,Black,23884,23587,Used
661,Toyota,Camry,2019,Green,82399,61239,New
48,Lexus,Generic Model 1,1998,Black,20314,23095,New
686,Porsche,Generic Model 3,2022,Red,186578,33861,New
803,Audi,Generic Model 1,2022,Black,3713,14868,Used
31,Jeep,Generic Model 3,1990,Black,171553,59375,Used
833,Jaguar,Generic Model 1,1999,Black,142168,60843,Used
94,Ford,Focus,1991,Silver,94166,64353,New
227,Ford,Mustang,2020,Silver,165326,15119,New
876,Honda,Fit,2017,Black,6201,74755,New
55,Jeep,Generic Model 3,2007,Green,43896,9223,Used
196,Subaru,Generic Model 1,2019,Black,64937,38809,New
681,Tesla,Generic Model 1,2003,White,6475,72919,Used
315,Porsche,Generic Model 3,2021,Silver,191293,30035,New
600,Mazda,Generic Model 1,1991,Green,191181,23024,Used
286,Audi,Generic Model 3,2016,Black,49074,23848,Used
722,Subaru,Generic Model 1,2012,Black,55046,19530,New
330,Jaguar,Generic Model 3,1999,Blue,197538,38997,Used
902,Tesla,Generic Model 3,1998,Red,141269,75441,Used
896,Volkswagen,Generic Model 3,1998,Blue,547,28889,New
783,Mazda,Generic Model 1,2007,Red,16645,16302,Used
233,Volvo,Generic Model 2,1990,Red,38413,57216,New
912,BMW,Generic Model 2,1991,White,192381,44727,New
971,Volvo,Generic Model 2,2018,Red,69267,7977,New
960,Jeep,Generic Model 3,2004,Blue,89070,74551,New
500,Hyundai,Generic Model 3,1993,White,33028,27343,Used
243,Toyota,Prius,2010,White,110221,73029,Used
930,Mercedes-Benz,Generic Model 1,2007,Green,184740,33980,Used
10,Hyundai,Generic Model 3,2014,Silver,6153,27767,New
128,Lexus,Generic Model 1,2014,White,136972,73946,Used
491,Tesla,Generic Model 3,2014,White,3639,74696,New
382,Lexus,Generic Model 1,2014,Blue,90681,79621,New
750,Porsche,Generic Model 1,2009,White,17805,50298,Used
435,Porsche,Generic Model 1,1995,Blue,62805,59491,New
475,Lexus,Generic Model 3,2015,Red,1443,65413,Used
265,Porsche,Generic Model 1,2022,White,168665,44210,New
865,Mazda,Generic Model 3,2019,Black,58004,11400,Used
976,Kia,Generic Model 2,1993,Red,23401,56905,New
721,Ford,F-150,2016,Green,134666,35018,Used
4,Porsche,Generic Model 2,1997,Black,82812,35436,Used
198,BMW,Generic Model 3,1996,Black,165667,70634,Used
864,Porsche,Generic Model 1,2013,White,130408,79413,New
56,Audi,Generic Model 2,2013,Green,25430,11739,New
145,Mercedes-Benz,Generic Model 2,2001,Silver,19963,8670,New
521,Mazda,Generic Model 1,1991,Red,106147,48223,New
972,Toyota,Camry,1997,White,69601,64945,New
429,Volvo,Generic Model 1,2013,Blue,129515,32469,Used
436,Tesla,Generic Model 2,2018,Blue,40778,43633,New
664,Mazda,Generic Model 3,2013,Silver,81434,63659,New
969,Hyundai,Generic Model 3,1998,Red,109835,77881,New
739,Chevrolet,Generic Model 1,2002,Silver,101071,42861,New
376,Chevrolet,Generic Model 1,2004,Red,111363,5694,New
520,Volkswagen,Generic Model 2,2004,White,76246,52144,New
828,Volkswagen,Generic Model 2,2005,Green,129089,75389,New
489,Porsche,Generic Model 1,2022,Silver,65413,18212,New
822,Honda,Pilot,2007,Silver,68155,64763,New
73,Toyota,RAV4,2018,Blue,145610,47764,New
363,Jeep,Generic Model 3,2005,White,123755,54521,Used
269,Tesla,Generic Model 3,2012,White,164062,62185,Used
595,Ford,Focus,2000,Black,12866,76648,Used
175,Subaru,Generic Model 3,2004,White,191236,41817,New
394,Land Rover,Generic Model 2,1999,Green,62715,66072,New
261,Nissan,Generic Model 2,1990,White,145251,5048,Used
71,Ford,Focus,2003,Red,36492,56295,New
276,Subaru,Generic Model 1,2000,White,54579,33603,New
38,Land Rover,Generic Model 3,2005,Blue,172140,28426,Used
96,Honda,Odyssey,2011,Green,40552,38678,Used
612,Jeep,Generic Model 1,2021,Red,65206,14509,Used
699,Mercedes-Benz,Generic Model 3,1996,Black,162831,64092,Used
43,Hyundai,Generic Model 2,2011,Blue,70144,63031,Used
888,Jeep,Generic Model 1,1991,Green,138944,10518,New
518,Volvo,Generic Model 2,2021,Green,68181,29405,Used
35,Honda,Civic,2016,Blue,108181,47708,New
111,Hyundai,Generic Model 2,2018,Silver,158961,59218,Used
874,Volvo,Generic Model 2,1990,Green,146261,78761,Used
571,Kia,Generic Model 1,1998,Silver,157194,36916,New
81,Mazda,Generic Model 1,2022,Blue,2998,12408,New
146,Mercedes-Benz,Generic Model 2,2004,Red,7522,73981,New
355,BMW,Generic Model 3,1990,Silver,91821,15226,Used
127,Lexus,Generic Model 3,1999,Blue,192485,35885,Used
820,Subaru,Generic Model 2,2013,Green,43056,59139,New
270,Honda,Fit,2003,Green,72047,60101,Used
462,BMW,Generic Model 2,1998,Green,77418,77997,New
170,Chevrolet,Generic Model 1,1998,Blue,175237,48044,Used
91,Audi,Generic Model 2,2018,Black,49024,52631,New
570,Mercedes-Benz,Generic Model 2,1996,Blue,4299,63888,New
959,Audi,Generic Model 2,2018,Silver,25731,62066,New
727,BMW,Generic Model 1,2005,Red,106577,15617,New
98,Hyundai,Generic Model 3,1991,Red,127833,17825,New
565,Subaru,Generic Model 2,2012,Blue,134736,65980,New
12,Lexus,Generic Model 3,1992,Silver,69360,76077,New
229,Ford,F-150,2020,Red,93280,71651,New
731,Mazda,Generic Model 1,1999,Silver,61568,63828,Used
241,Mazda,Generic Model 3,1995,Silver,53971,38809,Used
416,Ford,F-150,2004,Red,89088,40721,New
76,Jaguar,Generic Model 1,1992,White,119281,15107,New
154,Volkswagen,Generic Model 3,2004,Silver,160584,72316,Used
956,Volvo,Generic Model 3,2004,Silver,155315,35804,Used
412,Porsche,Generic Model 3,2006,White,62459,19197,Used
68,Volkswagen,Generic Model 1,2002,Silver,109234,25788,New
545,Audi,Generic Model 2,2013,Red,168129,39598,New
918,Hyundai,Generic Model 2,2018,Silver,111668,61839,Used
586,BMW,Generic Model 2,2012,Blue,180632,18983,Used
621,Jeep,Generic Model 1,2008,Green,19883,5029,New
47,Honda,Pilot,2000,White,132622,74174,New
543,Jaguar,Generic Model 3,2017,Green,166394,73544,New
958,Nissan,Generic Model 3,1994,Red,134970,78079,Used
651,Volvo,Generic Model 3,2014,Blue,45375,64565,Used
553,Volvo,Generic Model 3,1994,White,49410,68083,Used
670,Mercedes-Benz,Generic Model 2,2019,Silver,140577,54851,New
379,Jeep,Generic Model 1,2013,Black,58526,28629,New
933,Jeep,Generic Model 3,2016,Green,12492,24252,New
356,Volvo,Generic Model 3,2019,Silver,11985,76670,Used
450,Nissan,Generic Model 3,2014,Red,149824,36613,New
115,Jaguar,Generic Model 1,1996,Green,19385,53228,Used
718,Subaru,Generic Model 2,1990,Black,168800,11213,Used
774,Lexus,Generic Model 2,2017,Red,124913,12168,New
378,Land Rover,Generic Model 1,1994,Black,119709,65032,Used
263,Honda,Civic,1998,Silver,134848,51583,New
242,Subaru,Generic Model 3,2015,Blue,11030,35974,Used
11,Tesla,Generic Model 2,2009,Red,11396,38296,Used
733,Kia,Generic Model 1,2002,White,195756,17679,Used
329,Jaguar,Generic Model 2,2009,Red,110688,51742,New
814,BMW,Generic Model 1,2006,Green,70278,40676,New
319,Hyundai,Generic Model 1,1992,Silver,109136,9462,New
318,Chevrolet,Generic Model 2,2017,White,5349,33386,Used
125,Audi,Generic Model 1,2017,Red,96581,17658,Used
966,Jaguar,Generic Model 1,2004,White,42167,14544,Used
82,Jeep,Generic Model 3,2010,Silver,187528,33307,New
151,Jeep,Generic Model 2,1991,Green,7297,74757,New
502,Tesla,Generic Model 3,2003,Black,90041,68486,New
719,Hyundai,Generic Model 2,2018,Blue,176180,44985,Used
915,Volkswagen,Generic Model 1,1991,Black,125903,38996,Used
442,Volkswagen,Generic Model 2,1999,Green,154644,8786,New
204,Lexus,Generic Model 1,2020,Blue,129044,74784,Used
1000,Tesla,Generic Model 2,2021,Blue,58301,40193,New
446,Jeep,Generic Model 2,2007,Green,142443,16224,Used
835,BMW,Generic Model 1,1991,Red,63364,69134,Used
698,Toyota,Corolla,2013,Silver,158726,30646,New
113,Nissan,Generic Model 2,2010,Silver,144445,10588,Used
93,Jeep,Generic Model 3,1990,Blue,50730,37123,Used
374,Tesla,Generic Model 1,2015,Green,106084,29911,Used
385,Audi,Generic Model 3,2015,Black,169796,49601,New
938,Tesla,Generic Model 3,2008,White,148492,33837,New
824,Audi,Generic Model 2,1995,Blue,171448,78967,New
880,BMW,Generic Model 3,1993,Green,34680,38785,Used
527,Ford,Mustang,2016,White,3304,17595,Used
316,Jeep,Generic Model 3,2009,Silver,66157,25858,Used
495,Nissan,Generic Model 3,2000,Green,184208,19764,Used
214,Tesla,Generic Model 3,2005,Silver,37917,9543,Used
289,Honda,Fit,2000,Red,120832,60194,New
897,Volkswagen,Generic Model 2,1994,White,29877,7804,New
255,Mazda,Generic Model 2,1999,Silver,156441,7138,Used
105,Ford,F-150,2021,Silver,135247,21974,Used
522,Jeep,Generic Model 3,1993,Red,165841,58446,Used
911,BMW,Generic Model 1,2017,Silver,51771,67235,Used
366,BMW,Generic Model 2,2009,White,189204,10553,Used
490,Lexus,Generic Model 3,1994,Silver,192605,38846,Used
605,Volkswagen,Generic Model 2,2009,Silver,185140,57398,New
815,Tesla,Generic Model 1,2020,Black,131958,50236,New
953,Subaru,Generic Model 1,1996,Green,181851,44367,New
453,Jaguar,Generic Model 1,1997,White,151085,40160,Used
544,Chevrolet,Generic Model 3,2009,Silver,72880,10672,New
177,Mercedes-Benz,Generic Model 3,2003,Red,128444,39116,New
674,Subaru,Generic Model 1,2001,Green,177166,62972,New
80,BMW,Generic Model 2,1999,Green,150567,63735,Used
729,Porsche,Generic Model 1,2003,Silver,146,56088,Used
83,Hyundai,Generic Model 1,2013,Red,170123,54818,Used
144,Hyundai,Generic Model 2,2016,Green,11282,35006,New
809,Audi,Generic Model 3,1990,Silver,2242,52049,Used
618,Volkswagen,Generic Model 2,2007,Silver,179987,23116,Used
162,Mercedes-Benz,Generic Model 3,2002,White,11423,63583,Used
529,Mercedes-Benz,Generic Model 3,2010,White,111809,78935,New
280,Ford,Mustang,2013,Black,53672,21791,Used
537,Volvo,Generic Model 1,2012,Black,50563,10135,New
611,Porsche,Generic Model 1,2012,White,55244,67938,Used
248,Ford,Focus,1990,Green,78724,66999,Used
478,Jaguar,Generic Model 1,2016,Black,161306,70564,Used
773,Subaru,Generic Model 3,2008,Green,145556,52511,New
393,Jeep,Generic Model 1,2007,Black,43541,49783,Used
688,Volvo,Generic Model 3,2021,Green,1248,12196,New
762,Honda,Civic,1997,Blue,17865,7615,New
667,Jeep,Generic Model 1,2006,White,197026,62705,New
685,BMW,Generic Model 3,2005,Black,150187,66114,Used
645,Tesla,Generic Model 1,1991,Red,133035,7616,Used
530,Volkswagen,Generic Model 2,2018,Blue,161866,79609,New
693,Ford,F-150,2011,White,122177,67867,New
954,Porsche,Generic Model 1,2013,Blue,60356,5159,New
258,Mercedes-Benz,Generic Model 2,1992,Black,183125,52065,Used
716,Jaguar,Generic Model 2,2020,Red,138775,57716,Used
445,Toyota,Highlander,1993,Red,198222,60020,New
479,Hyundai,Generic Model 1,2020,Black,128699,21553,New
608,Hyundai,Generic Model 3,1990,Black,37813,66097,Used
734,Hyundai,Generic Model 2,2009,Silver,54915,15432,Used
295,Toyota,Prius,2006,Black,162486,7247,Used
260,Toyota,Corolla,1994,Silver,60904,61503,New
65,Toyota,Tacoma,1994,Green,143274,64019,New
166,Mazda,Generic Model 3,2016,Silver,195046,32465,New
392,Honda,Pilot,2008,White,32446,54750,New
66,Hyundai,Generic Model 2,1995,Black,112620,26616,Used
601,Land Rover,Generic Model 1,2018,Black,48766,5684,New
305,Volkswagen,Generic Model 1,2006,Green,25134,69300,Used
855,Mazda,Generic Model 1,2002,White,39329,63092,Used
7,Volvo,Generic Model 3,2003,Silver,177385,58082,Used
829,Chevrolet,Generic Model 2,2010,Red,157961,7902,Used
165,Honda,Odyssey,2016,White,183249,51067,Used
77,Nissan,Generic Model 2,2000,Blue,31284,50542,New
54,Mazda,Generic Model 3,2010,Silver,171027,73455,Used
585,Kia,Generic Model 3,2008,Green,158003,50647,Used
3,Land Rover,Generic Model 2,2022,Green,36616,50574,New
325,Audi,Generic Model 3,2000,Blue,134918,57333,New
309,Mazda,Generic Model 1,2010,Silver,117996,59960,New
252,BMW,Generic Model 1,2017,Red,123056,15755,Used
924,Mazda,Generic Model 3,2019,White,5180,74915,New
905,Volvo,Generic Model 3,2022,Silver,82472,55753,New
50,Volvo,Generic Model 3,1990,Green,19812,51067,New
575,Jeep,Generic Model 2,2013,Red,36521,34755,Used
687,Volkswagen,Generic Model 1,2007,Red,118957,41072,Used
863,Ford,Focus,2005,Silver,103050,79310,New
301,Subaru,Generic Model 1,2016,Blue,167798,76597,Used
847,Lexus,Generic Model 3,2006,Red,155335,29433,Used
391,BMW,Generic Model 3,2020,Silver,170908,50508,Used
345,Hyundai,Generic Model 2,2012,Red,29449,71618,Used
962,BMW,Generic Model 3,1990,White,50264,14968,Used
834,Volvo,Generic Model 3,2022,Silver,143977,54932,New
765,Volvo,Generic Model 2,1991,Black,186252,74353,New
984,Volvo,Generic Model 1,2020,White,143434,55976,New
74,Chevrolet,Generic Model 1,1997,Silver,47157,53782,New
357,Toyota,RAV4,1993,Silver,191198,21631,Used
711,Land Rover,Generic Model 2,1995,Green,113745,28396,Used
951,Jeep,Generic Model 1,2012,Blue,124510,30028,New
587,Volkswagen,Generic Model 2,2019,Silver,25476,63924,New
156,Lexus,Generic Model 3,2001,Silver,16091,67174,New
965,Kia,Generic Model 3,2002,White,179052,69573,New
311,Volvo,Generic Model 3,1999,Silver,63547,21028,Used
41,Volvo,Generic Model 2,2005,Red,14423,43449,New
256,Chevrolet,Generic Model 1,2019,Green,8256,31146,Used
817,Tesla,Generic Model 2,1999,Black,104093,65786,New
481,Hyundai,Generic Model 1,2005,Red,23244,5737,Used
610,Nissan,Generic Model 2,2008,White,27059,51767,New
755,Mazda,Generic Model 2,2010,Black,178617,30818,Used
471,Land Rover,Generic Model 3,2013,Silver,170180,35927,Used
909,Volvo,Generic Model 2,1994,Blue,28625,32537,Used
181,Lexus,Generic Model 2,1995,Green,41340,65071,Used
635,BMW,Generic Model 2,2000,Green,131236,78023,Used
641,Land Rover,Generic Model 1,1990,Black,88412,21547,Used
826,Mercedes-Benz,Generic Model 1,1992,Red,26102,33395,Used
752,Volvo,Generic Model 2,2014,White,195489,78073,Used
625,Volvo,Generic Model 2,1997,Silver,5290,13451,Used
881,Ford,Edge,1999,White,62333,59834,New
126,Mazda,Generic Model 2,2020,Green,41070,14010,Used
593,Lexus,Generic Model 1,1990,Silver,61483,19376,New
288,Mazda,Generic Model 2,2007,Black,17501,74161,New
203,Land Rover,Generic Model 1,1997,Red,33203,75273,Used
306,Chevrolet,Generic Model 2,2012,Black,67659,76230,New
403,Chevrolet,Generic Model 2,1998,White,142734,20904,Used
273,Volkswagen,Generic Model 2,2009,White,182796,35779,New
205,Kia,Generic Model 3,2018,Silver,126094,43403,New
943,Ford,Mustang,2012,Blue,134531,72896,Used
292,BMW,Generic Model 2,1997,Black,52771,28960,New
32,Land Rover,Generic Model 2,2012,Red,77134,15953,Used
155,Audi,Generic Model 2,2002,Silver,27918,20054,New
717,BMW,Generic Model 1,1996,Silver,111965,35297,Used
396,Porsche,Generic Model 2,1995,White,154252,19103,Used
370,Nissan,Generic Model 2,2022,Blue,122731,42310,Used
158,Volvo,Generic Model 1,1990,Red,12524,51232,Used
39,Ford,Focus,1994,Black,54474,43505,New
634,Chevrolet,Generic Model 1,1999,Blue,35189,74947,New
706,Jeep,Generic Model 2,1994,Blue,194443,7246,New
882,Mercedes-Benz,Generic Model 3,2000,Blue,156423,57127,New
188,Jeep,Generic Model 1,2010,Blue,58628,8218,Used
784,Porsche,Generic Model 2,1993,Black,139813,41994,Used
751,Jeep,Generic Model 1,2022,Blue,199695,56811,Used
760,Jaguar,Generic Model 1,2003,Blue,122251,12941,New
550,Jeep,Generic Model 2,2020,Blue,70178,30882,Used
14,Lexus,Generic Model 2,1998,Red,56308,53734,Used
890,Jeep,Generic Model 3,1993,White,186142,63076,Used
869,Hyundai,Generic Model 3,2002,White,10694,12373,New
283,Jaguar,Generic Model 3,2017,Black,55704,64981,Used
746,Hyundai,Generic Model 2,1995,White,193860,27159,New
768,Land Rover,Generic Model 1,1994,Black,31659,54417,Used
648,Jaguar,Generic Model 3,2011,Silver,23736,12441,New
517,Tesla,Generic Model 3,2013,Black,90587,77488,Used
454,Porsche,Generic Model 3,2020,White,173228,79682,New
153,Audi,Generic Model 3,2014,Blue,48410,35591,Used
726,Audi,Generic Model 3,1998,White,167254,11584,New
849,Audi,Generic Model 1,1991,Red,152968,13371,New
794,Audi,Generic Model 1,2003,Black,120426,73143,New
867,Land Rover,Generic Model 3,1993,Silver,34251,59429,Used
169,Tesla,Generic Model 3,1995,Black,154867,28460,New
402,Ford,Explorer,2005,Red,37047,65438,New
789,Hyundai,Generic Model 3,2014,Blue,126670,16988,Used
816,Volkswagen,Generic Model 3,1992,White,184680,66020,Used
541,Honda,Odyssey,2006,White,185902,25556,New
87,Jaguar,Generic Model 3,2021,Black,147214,67567,Used
753,Subaru,Generic Model 1,1994,Green,81812,19573,New
352,Nissan,Generic Model 3,2014,Green,137177,8718,New
646,Volkswagen,Generic Model 2,1992,Red,189460,72067,Used
444,Kia,Generic Model 2,2022,Green,86892,30216,New
63,Hyundai,Generic Model 1,2013,White,184401,35827,New
498,Kia,Generic Model 3,2005,Black,99019,34780,New
401,Jeep,Generic Model 2,2021,White,191572,57599,New
176,Jeep,Generic Model 3,2007,Red,186581,73685,Used
871,Ford,Focus,1998,Silver,44598,39636,Used
791,Nissan,Generic Model 1,2022,Blue,51477,55244,New
285,Mercedes-Benz,Generic Model 3,1990,Silver,37908,64188,New
440,Chevrolet,Generic Model 3,1991,Blue,118956,37507,New
848,BMW,Generic Model 3,2022,Green,26734,56702,New
209,Jeep,Generic Model 2,2004,Green,13687,57114,New
913,Honda,Pilot,1993,White,57904,37289,New
97,Volvo,Generic Model 2,2001,Black,150878,75753,Used
757,Mazda,Generic Model 3,2004,White,83670,8150,New
317,Tesla,Generic Model 3,2016,Silver,78124,74264,Used
904,Mazda,Generic Model 2,1991,White,50010,52188,Used
743,Hyundai,Generic Model 1,2002,Red,197702,68951,New
212,Subaru,Generic Model 3,2001,Black,37833,23036,New
781,Mazda,Generic Model 3,1998,Red,11238,10895,New
920,Volvo,Generic Model 3,2009,Green,27790,76885,Used
222,Chevrolet,Generic Model 2,1993,Green,14057,45024,New
963,Porsche,Generic Model 1,1991,Blue,116707,35806,Used
451,Volkswagen,Generic Model 2,2015,Silver,92605,52641,Used
72,Volkswagen,Generic Model 2,2007,White,126341,60283,Used
452,Lexus,Generic Model 3,2016,Blue,118648,55027,Used
563,Kia,Generic Model 2,2011,Silver,152485,21624,Used
669,Lexus,Generic Model 3,2002,Green,107092,37569,Used
694,Kia,Generic Model 2,2002,Black,10615,76742,Used
210,Land Rover,Generic Model 2,1991,White,9932,5888,New
294,Mercedes-Benz,Generic Model 1,1991,Red,108454,48986,Used
380,Mazda,Generic Model 1,2005,Green,92701,15009,New
535,Lexus,Generic Model 2,1990,Silver,64765,39286,New
430,BMW,Generic Model 1,2006,Silver,79767,34699,New
494,Land Rover,Generic Model 3,2012,Silver,103496,52700,Used
326,Honda,Civic,2008,Green,71998,29469,New
419,Land Rover,Generic Model 3,2016,Black,137951,62234,Used
660,Land Rover,Generic Model 1,2004,Red,140219,37873,New
438,Porsche,Generic Model 1,2002,Blue,58356,25220,New
680,Chevrolet,Generic Model 3,1999,Silver,199928,70232,Used
89,Lexus,Generic Model 3,2004,Green,21611,71571,Used
988,Volvo,Generic Model 2,1996,Blue,25926,27416,New
786,Ford,Focus,2010,Red,65170,75775,New
916,Volvo,Generic Model 2,1992,Blue,115088,8361,New
770,Volvo,Generic Model 1,1993,Black,178662,37606,Used
287,Subaru,Generic Model 2,2000,Blue,51815,16240,Used
234,Tesla,Generic Model 3,2014,Red,110729,46100,New
578,BMW,Generic Model 1,1995,Silver,170722,31610,New
636,Jaguar,Generic Model 3,1998,Red,18695,5877,Used
620,Audi,Generic Model 1,2008,White,140152,71900,Used
997,Toyota,Camry,1990,Red,122299,39630,Used
395,Ford,Explorer,1999,Red,71366,75295,New
964,Land Rover,Generic Model 3,1999,Black,67074,16055,Used
67,Land Rover,Generic Model 1,2005,Black,67598,50238,New
474,Lexus,Generic Model 3,2002,White,41057,52998,Used
509,Mercedes-Benz,Generic Model 1,2003,Black,39850,5615,Used
384,Ford,Mustang,2011,Blue,66369,13863,New
347,Jeep,Generic Model 1,1990,Blue,182663,68956,Used
703,Ford,Focus,2015,Blue,86418,10253,New
691,Volvo,Generic Model 2,2016,White,118485,63834,Used
341,Nissan,Generic Model 1,2017,Blue,185176,9956,New
460,Tesla,Generic Model 3,2011,Silver,63760,14297,New
795,Ford,Focus,2019,Silver,100460,14953,New
182,Volvo,Generic Model 3,2011,Green,101561,57409,New
409,Audi,Generic Model 3,2020,White,40153,39225,Used
908,Volkswagen,Generic Model 2,2008,Blue,183007,34966,New
574,Land Rover,Generic Model 1,2007,Red,6439,67431,Used
185,Mazda,Generic Model 1,2022,Red,170294,41044,Used
991,Volvo,Generic Model 3,2009,Black,54160,42386,New
443,Toyota,Camry,2007,Silver,142352,68352,Used
434,BMW,Generic Model 2,2004,Black,133556,22610,Used
836,Kia,Generic Model 3,2014,Red,122569,65048,Used
239,Land Rover,Generic Model 2,2009,Blue,131249,42756,Used
745,Tesla,Generic Model 1,2005,Silver,22642,68745,New
161,Land Rover,Generic Model 3,2001,Red,136198,35574,Used
830,Jeep,Generic Model 1,2001,White,168119,37349,Used
371,Subaru,Generic Model 2,2001,White,129815,34690,Used
373,Honda,Civic,2006,Blue,146877,76727,Used
811,Land Rover,Generic Model 2,2017,Black,159606,66805,New
663,Volkswagen,Generic Model 3,1996,Black,91676,24876,New
503,Honda,Fit,2015,Blue,17346,27986,Used
741,Kia,Generic Model 2,2020,Black,133156,25609,New
766,Jeep,Generic Model 2,1996,White,165479,21967,Used
975,Toyota,Corolla,2021,Black,180200,64331,New
219,Nissan,Generic Model 3,1998,Black,141743,70400,New
236,Audi,Generic Model 2,1990,Red,17389,12900,New
728,Kia,Generic Model 2,1993,Black,154539,32039,Used
894,Nissan,Generic Model 1,2019,Blue,114790,56002,New
512,Land Rover,Generic Model 1,2000,Blue,173998,42796,Used
538,Jaguar,Generic Model 2,2016,Blue,119156,76075,Used
654,BMW,Generic Model 1,2010,White,112217,79095,Used
124,Volvo,Generic Model 3,2001,White,20031,35002,Used
831,Volkswagen,Generic Model 2,1999,Black,76095,51207,New
619,Jaguar,Generic Model 1,2018,Blue,172128,51079,Used
937,Ford,Mustang,2005,Silver,114157,27525,Used
422,Audi,Generic Model 1,1999,Silver,185198,51575,New
238,Toyota,Highlander,2020,Black,171435,24712,Used
700,Ford,Edge,2012,Red,53426,45119,Used
758,Volkswagen,Generic Model 3,2015,Red,78978,27343,Used
932,Jaguar,Generic Model 1,2019,Silver,182285,69491,Used
251,Kia,Generic Model 2,2022,Blue,140600,23415,New
191,Tesla,Generic Model 1,2009,Blue,21908,6943,New
910,Tesla,Generic Model 1,2001,Silver,48910,62234,Used
992,Hyundai,Generic Model 1,2003,Silver,142985,67430,New
701,Mercedes-Benz,Generic Model 1,1998,Silver,170287,46268,Used
324,Mercedes-Benz,Generic Model 1,2012,Red,96451,69240,New
695,Porsche,Generic Model 2,1999,Green,126112,66861,Used
104,Chevrolet,Generic Model 2,1999,Black,192313,70000,New
108,Mazda,Generic Model 1,1998,Green,49930,35692,New
314,Tesla,Generic Model 1,1994,White,168605,37461,Used
213,Volkswagen,Generic Model 2,2001,Blue,99744,60390,New
51,Jaguar,Generic Model 3,2010,Green,188355,19652,Used
354,Mercedes-Benz,Generic Model 3,2022,Silver,7983,6712,Used
299,Honda,Odyssey,2013,White,50076,33930,New
407,Tesla,Generic Model 3,2012,White,95050,14793,Used
531,Mercedes-Benz,Generic Model 2,1992,Silver,176813,59401,New
970,Mazda,Generic Model 3,2018,Green,50755,46705,Used
30,Jeep,Generic Model 2,2004,White,101125,62818,Used
117,Toyota,Tacoma,2006,Green,149866,25988,Used
37,Chevrolet,Generic Model 3,1996,Green,92328,60362,New
841,Mercedes-Benz,Generic Model 3,2002,Blue,63036,77004,New
221,Honda,Fit,2011,Green,164347,13146,Used
272,Lexus,Generic Model 1,1999,Red,159530,23597,Used
404,Honda,Fit,1995,Black,179079,25450,Used
606,Ford,Focus,2022,Black,166380,25527,Used
626,Volvo,Generic Model 1,1994,Silver,31159,70006,Used
406,Tesla,Generic Model 1,2022,Silver,6154,38819,New
171,Jaguar,Generic Model 1,2015,Black,22105,43500,New
140,Volvo,Generic Model 1,2007,Green,138586,34098,New
361,Hyundai,Generic Model 3,2014,Silver,47065,77418,New
644,Hyundai,Generic Model 1,2006,Silver,26990,8985,New
821,Nissan,Generic Model 3,2007,White,78149,46486,New
598,Subaru,Generic Model 2,2007,Red,153169,51728,New
852,Jeep,Generic Model 2,1995,Blue,52593,77877,Used
851,Nissan,Generic Model 1,2016,Blue,93092,46905,Used
431,Honda,CR-V,2014,Red,51169,7361,Used
400,Porsche,Generic Model 2,2018,Black,173635,35852,New
482,Mercedes-Benz,Generic Model 2,1990,White,79916,48475,Used
597,Volkswagen,Generic Model 3,2021,Blue,123624,59442,New
414,Nissan,Generic Model 1,2015,Red,167781,27832,New
472,Mazda,Generic Model 3,2008,Silver,28628,69662,Used
387,Land Rover,Generic Model 3,2014,Blue,112180,73586,New
200,Subaru,Generic Model 3,1991,Red,23109,69468,Used
655,Audi,Generic Model 1,2016,Green,102768,17154,New
558,Toyota,Prius,2013,Blue,9250,28798,New
637,Porsche,Generic Model 1,2013,Green,137140,42382,New
510,Kia,Generic Model 1,2010,White,72560,10960,New
397,Ford,Explorer,1994,Blue,150312,27435,New
780,Lexus,Generic Model 2,2011,Red,26917,25198,Used
476,Volkswagen,Generic Model 1,2007,Silver,197438,13200,New
33,Jeep,Generic Model 1,2010,Red,11783,69408,Used
17,Volkswagen,Generic Model 1,1993,Black,132033,11982,New
167,Mazda,Generic Model 1,2018,Red,79387,24335,New
568,Jaguar,Generic Model 1,2016,Green,90298,6991,New
228,Mercedes-Benz,Generic Model 3,1996,White,196876,20630,New
293,Hyundai,Generic Model 3,2017,Red,18738,76350,Used
226,Jaguar,Generic Model 2,2017,Green,14710,13456,Used
118,Volkswagen,Generic Model 3,2002,Red,155403,44949,Used
850,Jaguar,Generic Model 3,2014,Red,34258,17768,New
78,Land Rover,Generic Model 3,2003,White,136990,32878,New
349,Subaru,Generic Model 2,1991,Silver,175196,21216,New
524,Chevrolet,Generic Model 3,2015,Black,171361,37374,Used
936,Tesla,Generic Model 3,2004,Silver,177872,19807,Used
457,BMW,Generic Model 1,2012,Blue,108015,39711,New
386,Volkswagen,Generic Model 2,1991,Black,154219,36273,Used
627,Nissan,Generic Model 1,2019,Blue,79967,78818,New
197,Nissan,Generic Model 2,2017,Blue,26973,14731,Used
980,Porsche,Generic Model 2,2017,White,68764,17588,Used
856,Honda,Pilot,2018,White,193760,72518,Used
46,Nissan,Generic Model 2,2011,Blue,12066,20581,Used
878,Subaru,Generic Model 3,1995,White,26064,35750,Used
313,Honda,Fit,1995,Black,168143,71528,New
470,Land Rover,Generic Model 3,2002,Black,159792,28025,Used
591,Honda,Odyssey,2000,Blue,42866,19209,New
456,Ford,Mustang,2012,Green,147323,24536,Used
131,Ford,Escape,2015,Black,5954,60334,Used
505,Kia,Generic Model 2,2004,Silver,39558,59500,New
555,Lexus,Generic Model 1,1990,Black,100301,35084,New
603,Mazda,Generic Model 2,2014,White,123091,45279,New
901,Ford,F-150,2018,White,134367,46554,New
195,Volvo,Generic Model 1,1995,White,77689,46245,Used
818,BMW,Generic Model 1,1996,Green,105994,78406,New
577,Tesla,Generic Model 1,1998,Green,63387,71534,Used
279,Subaru,Generic Model 3,2008,Silver,16500,52150,New
508,Mazda,Generic Model 3,2019,Green,153907,6116,New
192,Ford,Edge,2004,Red,111458,8358,New
838,Mercedes-Benz,Generic Model 1,2012,Silver,122232,67899,Used
844,BMW,Generic Model 2,1993,Red,195573,10171,Used
926,Audi,Generic Model 2,2016,Blue,75025,55583,Used
421,Porsche,Generic Model 1,1995,Silver,17915,57026,Used
907,Lexus,Generic Model 3,2004,Blue,67906,27282,Used
473,Nissan,Generic Model 1,1994,Silver,31092,55518,New
247,Kia,Generic Model 3,2018,White,128747,32819,New
579,Mazda,Generic Model 1,1996,Green,89129,16341,Used
946,Ford,F-150,2007,Green,155708,39591,Used
623,Volkswagen,Generic Model 1,2018,Red,176581,18232,New
659,Mercedes-Benz,Generic Model 1,2018,Blue,30972,37330,Used
631,Volvo,Generic Model 3,2002,Green,163067,49143,Used
516,Volvo,Generic Model 3,2001,Red,106389,64680,Used
542,Toyota,Tacoma,1991,Silver,33018,26718,Used
724,Volkswagen,Generic Model 1,2004,White,174786,64979,Used
381,Lexus,Generic Model 3,2017,Green,153002,17154,New
884,Jeep,Generic Model 3,2017,White,121117,35307,Used
801,Land Rover,Generic Model 1,2002,Blue,108814,6883,New
123,Audi,Generic Model 3,1998,Black,47423,60030,New
952,Nissan,Generic Model 3,2006,Green,61023,63223,New
343,Ford,F-150,2021,Green,66543,14292,Used
526,Mercedes-Benz,Generic Model 2,1995,Black,123398,58522,New
300,Porsche,Generic Model 1,2019,Green,120062,68960,New
861,Porsche,Generic Model 1,1998,Black,198004,54034,New
375,Hyundai,Generic Model 2,2003,Blue,116582,12272,Used
297,Toyota,Camry,1992,Green,54257,13805,Used
303,Land Rover,Generic Model 1,2007,Blue,57026,12852,New
889,Subaru,Generic Model 1,2022,Green,105169,67311,Used
211,Lexus,Generic Model 3,2003,Red,123254,12524,New
590,Toyota,Prius,2021,Red,140825,79167,Used
604,Kia,Generic Model 2,2001,White,4768,49922,New
327,Toyota,Tacoma,2006,Green,57802,67951,New
569,Porsche,Generic Model 3,1995,White,79097,77335,New
515,Chevrolet,Generic Model 3,2000,Red,17746,25835,Used
348,BMW,Generic Model 2,2016,Black,49461,79679,New
480,BMW,Generic Model 1,1992,Blue,158408,69801,New
377,Hyundai,Generic Model 2,2018,Blue,109583,37144,Used
281,Lexus,Generic Model 1,1995,Blue,118150,51960,Used
576,Volkswagen,Generic Model 1,2000,Silver,60923,22780,Used
974,Honda,Civic,1997,Silver,4056,31801,Used
519,Jaguar,Generic Model 2,1997,White,47398,20159,Used
580,Tesla,Generic Model 2,2021,Blue,45127,64522,Used
262,Tesla,Generic Model 3,2016,White,25521,76769,New
720,Nissan,Generic Model 1,2012,Red,24040,48224,Used
320,Nissan,Generic Model 1,2022,Green,155171,31443,New
567,Tesla,Generic Model 2,2021,Green,191800,53217,New
88,Tesla,Generic Model 3,2003,Red,94924,16430,Used
887,Audi,Generic Model 3,2005,White,118347,58385,New
418,Jeep,Generic Model 3,2022,Silver,192064,20508,New
312,Kia,Generic Model 2,2022,White,186046,69431,New
488,Toyota,Corolla,1992,Red,124826,63146,Used
599,Land Rover,Generic Model 3,2014,Silver,142326,76556,New
447,Subaru,Generic Model 1,2022,Blue,127832,61901,Used
332,Nissan,Generic Model 3,2010,White,73979,23936,Used
934,Mercedes-Benz,Generic Model 2,1992,Black,161359,62971,New
202,Jaguar,Generic Model 1,2013,Blue,123238,19167,New
533,Land Rover,Generic Model 3,2019,Black,196340,9844,Used
62,Hyundai,Generic Model 1,2010,Green,197685,16883,New
872,Jaguar,Generic Model 2,1995,Red,37879,79796,Used
224,Jaguar,Generic Model 2,2009,Green,27938,46446,New
259,Chevrolet,Generic Model 2,1992,White,19220,64885,New
862,Audi,Generic Model 3,2015,Silver,111284,60039,Used
496,Honda,Fit,1995,Red,90187,28334,Used
919,Land Rover,Generic Model 3,2006,Silver,157995,76063,New
448,Lexus,Generic Model 3,1990,Green,70793,25975,Used
15,Chevrolet,Generic Model 3,1992,Red,47196,21061,New
805,Lexus,Generic Model 1,2001,Silver,169327,68574,New